<?xml version="1.0" encoding="UTF-8"?>
<beans xmlns="http://www.springframework.org/schema/beans" 
	xmlns:xsi="http://www.w3.org/2001/XMLSchema-instance"
	xmlns:context="http://www.springframework.org/schema/context" 
	xmlns:jdbc="http://www.springframework.org/schema/jdbc"  
	xmlns:jee="http://www.springframework.org/schema/jee" 
	xmlns:tx="http://www.springframework.org/schema/tx"
	xmlns:aop="http://www.springframework.org/schema/aop" 
	xmlns:mvc="http://www.springframework.org/schema/mvc"
	xmlns:util="http://www.springframework.org/schema/util"
	xmlns:p="http://www.springframework.org/schema/p"
	xsi:schemaLocation="
		http://www.springframework.org/schema/beans http://www.springframework.org/schema/beans/spring-beans-4.2.xsd
		http://www.springframework.org/schema/context http://www.springframework.org/schema/context/spring-context-4.2.xsd
		http://www.springframework.org/schema/jdbc http://www.springframework.org/schema/jdbc/spring-jdbc-4.2.xsd
		http://www.springframework.org/schema/jee http://www.springframework.org/schema/jee/spring-jee-4.2.xsd
		http://www.springframework.org/schema/tx http://www.springframework.org/schema/tx/spring-tx-4.2.xsd
		http://www.springframework.org/schema/aop http://www.springframework.org/schema/aop/spring-aop-4.2.xsd
		http://www.springframework.org/schema/mvc http://www.springframework.org/schema/mvc/spring-mvc-4.2.xsd
		http://www.springframework.org/schema/util http://www.springframework.org/schema/util/spring-util-4.2.xsd">
		
	<!-- 加载配置文件 -->
	<context:property-placeholder location="classpath:*.properties"/>

	<!-- ========================数据源一=============================== -->
	<bean id="dataSource" class="com.alibaba.druid.pool.DruidDataSource" destroy-method="close">
		<property name="url" value="${jdbc.url}" />
		<property name="username" value="${jdbc.username}" />
		<property name="password" value="${jdbc.password}" />
		<property name="driverClassName" value="${jdbc.driverClassName}" />
		 <property name="initialSize" value="${jdbc.initialSize}" />
	    <property name="minIdle" value="${jdbc.minIdle}" />
	    <property name="maxActive" value="${jdbc.maxActive}" />
	    <property name="maxWait" value="${jdbc.maxWait}" />
	    <property name="timeBetweenEvictionRunsMillis" value="60000" />
	    <property name="minEvictableIdleTimeMillis" value="300000" />
	    <property name="validationQuery" value="SELECT 'x'" />
	    <property name="testWhileIdle" value="true" />
	    <property name="testOnBorrow" value="true" />
	    <property name="testOnReturn" value="false" />
		<property name="keepAlive" value="true" />
	</bean>
	<bean id="sqlSessionFactory" class="org.mybatis.spring.SqlSessionFactoryBean">
		<property name="configLocation" value="classpath:mybatis-config-one.xml"/>
		<property name="dataSource" ref="dataSource"/>
		<property name="mapperLocations">
			<list>
				<value>classpath:mapper/*.xml</value>
			</list>
		</property>
		<property name="plugins">
			<array>
				<bean class="com.github.pagehelper.PageHelper">
					<property name="properties">
						<value>
							dialect=mysql
							reasonable=true
						</value>
					</property>
				</bean>
			</array>
		</property>
	</bean>
	<bean class="org.mybatis.spring.mapper.MapperScannerConfigurer">
		<property name="sqlSessionFactoryBeanName" value="sqlSessionFactory"></property>
		<property name="basePackage" value="com.xp.mapper"></property>
	</bean>



</beans>