<?xml version="1.0" encoding="UTF-8"?>
<beans xmlns="http://www.springframework.org/schema/beans" 
	xmlns:xsi="http://www.w3.org/2001/XMLSchema-instance"
	xmlns:context="http://www.springframework.org/schema/context" 
	xmlns:jdbc="http://www.springframework.org/schema/jdbc"  
	xmlns:jee="http://www.springframework.org/schema/jee" 
	xmlns:tx="http://www.springframework.org/schema/tx"
	xmlns:aop="http://www.springframework.org/schema/aop" 
	xmlns:mvc="http://www.springframework.org/schema/mvc"
	xmlns:task="http://www.springframework.org/schema/task"
	   xsi:schemaLocation="
		http://www.springframework.org/schema/beans http://www.springframework.org/schema/beans/spring-beans-4.2.xsd
		http://www.springframework.org/schema/context http://www.springframework.org/schema/context/spring-context-4.2.xsd
		http://www.springframework.org/schema/jdbc http://www.springframework.org/schema/jdbc/spring-jdbc-4.2.xsd
		http://www.springframework.org/schema/jee http://www.springframework.org/schema/jee/spring-jee-4.2.xsd
		http://www.springframework.org/schema/tx http://www.springframework.org/schema/tx/spring-tx-4.2.xsd
		http://www.springframework.org/schema/aop http://www.springframework.org/schema/aop/spring-aop-4.2.xsd
		http://www.springframework.org/schema/mvc http://www.springframework.org/schema/mvc/spring-mvc-4.2.xsd
		http://www.springframework.org/schema/task
		http://www.springframework.org/schema/task/spring-task-3.2.xsd ">
		
		<context:component-scan base-package="com.xp.controller"></context:component-scan>
		<mvc:annotation-driven>
			<mvc:message-converters>
				<bean class="org.springframework.http.converter.json.MappingJackson2HttpMessageConverter">
					<property name="objectMapper">
						<bean class="com.fasterxml.jackson.databind.ObjectMapper">
							<property name="dateFormat">
								<bean class="java.text.SimpleDateFormat">
									<constructor-arg type="java.lang.String" value="yyyy-MM-dd HH:mm:ss" />
								</bean>
							</property>
						</bean>
					</property>
				</bean>
			</mvc:message-converters>
		</mvc:annotation-driven>

		<!--<task:annotation-driven />-->
		<mvc:resources mapping="/html/**" location="/html/" />
		<mvc:resources mapping="/image/**" location="/image/" />
		<mvc:resources mapping="/lib/**" location="/lib/" />

<!--		<mvc:interceptors>-->
<!--			<mvc:interceptor>-->
<!--				<mvc:mapping path="/**"/>-->
<!--				<mvc:exclude-mapping path="/**/*.eot"/>-->
<!--				<mvc:exclude-mapping path="/**/*.svg"/>-->
<!--				<mvc:exclude-mapping path="/**/*.ttf"/>-->
<!--				<mvc:exclude-mapping path="/**/*.woff"/>-->
<!--				<mvc:exclude-mapping path="/**/*.woff2"/>-->
<!--				<mvc:exclude-mapping path="/**/*.css"/>-->
<!--				<mvc:exclude-mapping path="/**/*.html"/>-->
<!--	        	<mvc:exclude-mapping path="/**/*.js"/>-->
<!--	         	<mvc:exclude-mapping path="/**/*.png"/>-->
<!--	         	<mvc:exclude-mapping path="/**/*.gif"/>-->
<!--	         	<mvc:exclude-mapping path="/**/*.jpg"/>-->
<!--	        	<mvc:exclude-mapping path="/**/*.jpeg"/>-->
<!--	        	<mvc:exclude-mapping path="/**/login"/>-->
<!--				<mvc:exclude-mapping path="/**/*.xlsx"/>-->
<!--				<mvc:exclude-mapping path="/**/*.xls"/>-->
<!--				<mvc:exclude-mapping path="/**/getVerificationCode"/>-->
<!--				<mvc:exclude-mapping path="/user/save"/>-->
<!--				<bean class="com.xp.interceptor.LoginInterceptor"></bean>-->
<!--			</mvc:interceptor>-->
<!--		</mvc:interceptors>-->
		
	<!-- 加载properties配置文件 这个文件在spring.xml中有,但是必须得在这里加一遍才能在controller中用@Value的方式取值,否则在controller中取不到 -->
    <bean id="propertyConfigurerMVC" class="org.springframework.beans.factory.config.PropertyPlaceholderConfigurer">
    	<property name="locations">
    		<list>
    			<value>classpath:local.properties</value>
    		</list>
    	</property>
    </bean>
		
	<!-- 支持上传文件 -->
	<bean id="multipartResolver"
		class="org.springframework.web.multipart.commons.CommonsMultipartResolver">
		<property name="defaultEncoding" value="utf-8"></property>
		<property name="maxUploadSize" value="1048576000000"></property>
		<property name="maxInMemorySize" value="409600"></property>
	</bean>
	
	<!--通用视图解析器-->
	<!--<bean id="viewResolverCommon" class="org.springframework.web.servlet.view.InternalResourceViewResolver">
		<property name="prefix" value="/WEB-INF/page/jsp/"/>
    	<property name="suffix" value=".html"/>
	</bean>-->
	

</beans>