<?xml version="1.0" encoding="UTF-8"?>
<!DOCTYPE mapper PUBLIC "-//mybatis.org//DTD Mapper 3.0//EN" "http://mybatis.org/dtd/mybatis-3-mapper.dtd">
<mapper namespace="com.xp.mapper.BookDao">

    <resultMap type="com.xp.pojo.Book" id="BookMap">
        <result property="id" column="id" jdbcType="INTEGER"/>
        <result property="name" column="name" jdbcType="VARCHAR"/>
        <result property="price" column="price" jdbcType="VARCHAR"/>
        <result property="author" column="author" jdbcType="VARCHAR"/>
        <result property="charge" column="charge" jdbcType="VARCHAR"/>
        <result property="file" column="file" jdbcType="VARCHAR"/>
        <result property="image" column="image" jdbcType="VARCHAR"/>
        <result property="audit" column="audit" jdbcType="TINYINT"/>
    </resultMap>

    <!--查询单个-->
    <select id="queryById" resultMap="BookMap">
        select id,
               name,
               price,
               author,
               charge, image, file, audit
        from book_admin.book
        where id = #{id}
    </select>

    <!--查询指定行数据-->
    <select id="queryAllByLimit" resultMap="BookMap">
        select id,
               name,
               price,
               author,
               charge, image, file, audit
        from book_admin.book
    </select>

    <!--通过实体作为筛选条件查询-->
    <select id="queryAll" resultMap="BookMap">
        select
        id, name, price, author,charge, image, file, audit
        from book
        <where>
            <if test="id != null">
                and id = #{id}
            </if>
            <if test="name != null and name != ''">
                and name = #{name}
            </if>
            <if test="price != null">
                and price = #{price}
            </if>
            <if test="author != null and author != ''">
                and author = #{author}
            </if>
            <if test="charge != null and charge != ''">
                and charge = #{charge}
            </if>
            <if test="audit != null">
                and audit = #{audit}
            </if>
        </where>
    </select>

    <!--新增所有列-->
    <insert id="insert" keyProperty="id" useGeneratedKeys="true">
        insert into book_admin.book(name, price, author, charge,image, file, audit)
        values (#{name}, #{price}, #{author}, #{charge}, #{image}, #{file}, #{audit})
    </insert>

    <insert id="insertBatch" keyProperty="id" useGeneratedKeys="true">
        insert into book(name, price, author, charge, image, file, audit)
        values
        <foreach collection="entities" item="entity" separator=",">
            (#{entity.name}, #{entity.price}, #{entity.author}, #{entity.charge}, #{entity.image}, #{entity.file}
            , #{entity.audit})
        </foreach>
    </insert>

    <insert id="insertOrUpdateBatch" keyProperty="id" useGeneratedKeys="true">
        insert into book(name, price, author, charge)
        values
        <foreach collection="entities" item="entity" separator=",">
            (#{entity.name}, #{entity.price}, #{entity.author}, #{entity.charge})
        </foreach>
        on duplicate key update
        name = values(name) , price = values(price) , author = values(author), charge = values(charge)
    </insert>

    <!--通过主键修改数据-->
    <update id="update">
        update book
        <set>
            <if test="name != null and name != ''">
                name = #{name},
            </if>
            <if test="price != null">
                price = #{price},
            </if>
            <if test="author != null and author != ''">
                author = #{author},
            </if>
            <if test="charge != null and charge != ''">
                charge = #{charge},
            </if>
            <if test="image != null and image != ''">
                image = #{image},
            </if>
            <if test="file != null and file != ''">
                `file` = #{file},
            </if>
            <if test="audit != null">
                audit = #{audit},
            </if>
        </set>
        where id = #{id}
    </update>

    <!--通过主键删除-->
    <delete id="deleteById">
        delete
        from book
        where id = #{id}
    </delete>

</mapper>

