<?xml version="1.0" encoding="UTF-8"?>
<!DOCTYPE mapper PUBLIC "-//mybatis.org//DTD Mapper 3.0//EN" "http://mybatis.org/dtd/mybatis-3-mapper.dtd">
<mapper namespace="com.xp.mapper.DeptMapper">

    <resultMap type="com.xp.pojo.Dept" id="DeptMap">
        <result property="id" column="id" jdbcType="INTEGER"/>
        <result property="name" column="name" jdbcType="VARCHAR"/>
    </resultMap>

    <!--查询单个-->
    <select id="queryById" resultMap="DeptMap">
        select
          id, name
        from staff_admin.dept
        where id = #{id}
    </select>

    <!--查询指定行数据-->
    <select id="queryAllByLimit" resultMap="DeptMap">
        select
          id, name
        from staff_admin.dept
        <if test="deptId != null" >
            where dept_id = #{deptId}
        </if>
    </select>

    <!--通过实体作为筛选条件查询-->
    <select id="queryAll" resultMap="DeptMap">
        select
        id, name
        from staff_admin.dept
        <where>
            <if test="id != null">
                and id = #{id}
            </if>
            <if test="name != null and name != ''">
                and name = #{name}
            </if>
        </where>
    </select>

    <!--新增所有列-->
    <insert id="insert" keyProperty="id" useGeneratedKeys="true">
        insert into staff_admin.dept(name)
        values (#{name})
    </insert>

    <insert id="insertBatch" keyProperty="id" useGeneratedKeys="true">
        insert into staff_admin.dept(name)
        values
        <foreach collection="entities" item="entity" separator=",">
            (#{entity.name})
        </foreach>
    </insert>

    <insert id="insertOrUpdateBatch" keyProperty="id" useGeneratedKeys="true">
        insert into staff_admin.dept(name)
        values
        <foreach collection="entities" item="entity" separator=",">
            (#{entity.name})
        </foreach>
        on duplicate key update
        name = values(name)
    </insert>

    <!--通过主键修改数据-->
    <update id="update">
        update staff_admin.dept
        <set>
            <if test="name != null and name != ''">
                name = #{name},
            </if>
        </set>
        where id = #{id}
    </update>

    <!--通过主键删除-->
    <delete id="deleteById">
        delete from staff_admin.dept where id = #{id}
    </delete>

</mapper>

