<?xml version="1.0" encoding="UTF-8"?>
<!DOCTYPE mapper PUBLIC "-//mybatis.org//DTD Mapper 3.0//EN" "http://mybatis.org/dtd/mybatis-3-mapper.dtd">
<mapper namespace="com.xp.mapper.UserMapper">

    <resultMap type="com.xp.pojo.User" id="UserMap">
        <result property="id" column="id" jdbcType="INTEGER"/>
        <result property="name" column="name" jdbcType="VARCHAR"/>
        <result property="password" column="password" jdbcType="VARCHAR"/>
        <result property="role" column="role" jdbcType="VARCHAR"/>
        <result property="phone" column="phone" jdbcType="VARCHAR"/>
        <result property="pay" column="pay" jdbcType="VARCHAR"/>
    </resultMap>

    <!--查询单个-->
    <select id="queryById" resultMap="UserMap">
        select
          id, name, password, role,phone, pay
        from user
        where id = #{id}
    </select>

    <!--查询指定行数据-->
    <select id="queryAllByLimit" resultMap="UserMap">
        select
          id, name,role,phone, pay
        from user
    </select>

    <!--通过实体作为筛选条件查询-->
    <select id="queryAll" resultMap="UserMap">
        select
        id, name, password, role,phone, pay
        from user
        <where>
            <if test="id != null">
                and id = #{id}
            </if>
            <if test="name != null and name != ''">
                and name = #{name}
            </if>
            <if test="password != null and password != ''">
                and password = #{password}
            </if>

        </where>
    </select>

    <!--新增所有列-->
    <insert id="insert" keyProperty="id" useGeneratedKeys="true">
        insert into user(name, password, role,phone)
        values (#{name}, #{password}, #{role}, #{phone})
    </insert>

    <insert id="insertBatch" keyProperty="id" useGeneratedKeys="true">

    </insert>

    <insert id="insertOrUpdateBatch" keyProperty="id" useGeneratedKeys="true">

    </insert>

    <!--通过主键修改数据-->
    <update id="update">
        update user
        <set>
            <if test="name != null and name != ''">
                name = #{name},
            </if>
            <if test="password != null and password != ''">
                password = #{password},
            </if>
            <if test="pay != null and password != ''">
                pay = #{pay},
            </if>
            <if test="phone != null and phone != ''">
                phone = #{phone},
            </if>
        </set>
        where id = #{id}
    </update>

    <!--通过主键删除-->
    <delete id="deleteById">
        delete from user where id = #{id}
    </delete>

</mapper>

